date_local,station,param,value,unit,validated
2023-01-04,155,pm10,22.449,µg/m³,1
2023-01-05,155,pm10,11.253,µg/m³,1
2023-01-06,155,pm10,29.48,µg/m³,1
2023-01-07,155,pm10,21.864,µg/m³,1
2023-01-08,155,pm10,13.099,µg/m³,1
2023-01-09,155,pm10,8.302,µg/m³,1
2023-01-10,155,pm10,14.546,µg/m³,1
2023-01-11,155,pm10,38.116,µg/m³,1
2023-01-12,155,pm10,74.075,µg/m³,1
2023-01-13,155,pm10,49.457,µg/m³,1
2023-01-14,155,pm10,45.894,µg/m³,1
2023-01-15,155,pm10,20.772,µg/m³,1
2023-01-16,155,pm10,12.236,µg/m³,1
2023-01-17,155,pm10,10.218,µg/m³,1
2023-01-18,155,pm10,11.794,µg/m³,1
2023-01-19,155,pm10,24.481,µg/m³,1
2023-01-20,155,pm10,21.177,µg/m³,1
2023-01-21,155,pm10,2.68,µg/m³,1
2023-01-22,155,pm10,7.345,µg/m³,1
2023-01-23,155,pm10,12.227,µg/m³,1
2023-01-24,155,pm10,18.408,µg/m³,1
2023-01-25,155,pm10,23.858,µg/m³,1
2023-01-26,155,pm10,19.87,µg/m³,1
2023-01-27,155,pm10,20.421,µg/m³,1
2023-01-28,155,pm10,13.824,µg/m³,1
2023-01-29,155,pm10,15.773,µg/m³,1
2023-01-30,155,pm10,46.859,µg/m³,1
2023-01-31,155,pm10,30.73,µg/m³,1
2023-02-18,155,pm10,27.87,µg/m³,1
2023-02-19,155,pm10,21.242,µg/m³,1
2023-02-20,155,pm10,23.633,µg/m³,1
2023-02-21,155,pm10,48.313,µg/m³,1
2023-02-22,155,pm10,70.239,µg/m³,1
2023-02-23,155,pm10,55.684,µg/m³,1
2023-02-24,155,pm10,23.38,µg/m³,1
2023-02-25,155,pm10,2.427,µg/m³,1
2023-02-26,155,pm10,5.035,µg/m³,1
2023-02-27,155,pm10,18.661,µg/m³,1
2023-02-28,155,pm10,22.477,µg/m³,1
2023-03-01,155,pm10,19.672,µg/m³,1
2023-03-02,155,pm10,47.572,µg/m³,1
2023-03-03,155,pm10,42.249,µg/m³,1
2023-03-04,155,pm10,35.544,µg/m³,1
2023-03-05,155,pm10,29.841,µg/m³,1
2023-03-06,155,pm10,26.421,µg/m³,1
2023-03-07,155,pm10,15.024,µg/m³,1
2023-03-08,155,pm10,9.096,µg/m³,1
2023-03-09,155,pm10,29.886,µg/m³,1
2023-03-10,155,pm10,16.179,µg/m³,1
2023-03-11,155,pm10,8.663,µg/m³,1
2023-03-12,155,pm10,27.089,µg/m³,1
2023-03-13,155,pm10,13.68,µg/m³,1
2023-03-14,155,pm10,9.496,µg/m³,1
2023-03-15,155,pm10,14.366,µg/m³,1
2023-03-16,155,pm10,28.578,µg/m³,1
2023-03-17,155,pm10,24.237,µg/m³,1
2023-03-18,155,pm10,28.993,µg/m³,1
2023-03-19,155,pm10,15.421,µg/m³,1
2023-03-20,155,pm10,36.536,µg/m³,1
2023-03-21,155,pm10,37.701,µg/m³,1
2023-03-22,155,pm10,27.558,µg/m³,1
2023-03-23,155,pm10,19.085,µg/m³,1
2023-03-24,155,pm10,11.613,µg/m³,1
2023-03-25,155,pm10,19.771,µg/m³,1
2023-03-26,155,pm10,10.973,µg/m³,1
2023-03-27,155,pm10,6.966,µg/m³,1
2023-03-28,155,pm10,21.426,µg/m³,1
2023-03-29,155,pm10,17.515,µg/m³,1
2023-03-30,155,pm10,10.368,µg/m³,1
2023-03-31,155,pm10,11.18,µg/m³,1
2023-04-01,155,pm10,15.096,µg/m³,1
2023-04-02,155,pm10,6.127,µg/m³,1
2023-04-03,155,pm10,12.57,µg/m³,1
2023-04-04,155,pm10,14.88,µg/m³,1
2023-04-05,155,pm10,15.981,µg/m³,1
2023-04-06,155,pm10,30.4,µg/m³,1
2023-04-07,155,pm10,25.302,µg/m³,1
2023-04-08,155,pm10,14.131,µg/m³,1
2023-04-09,155,pm10,12.723,µg/m³,1
2023-04-10,155,pm10,22.288,µg/m³,1
2023-04-11,155,pm10,12.729,µg/m³,1
2023-04-12,155,pm10,26.132,µg/m³,1
2023-04-13,155,pm10,6.506,µg/m³,1
2023-04-14,155,pm10,8.049,µg/m³,1
2023-04-15,155,pm10,9.195,µg/m³,1
2023-04-16,155,pm10,11.189,µg/m³,1
2023-04-17,155,pm10,15.873,µg/m³,1
2023-04-18,155,pm10,14.564,µg/m³,1
2023-04-19,155,pm10,18.065,µg/m³,1
2023-04-20,155,pm10,26.241,µg/m³,1
2023-04-21,155,pm10,29.137,µg/m³,1
2023-04-22,155,pm10,27.883,µg/m³,1
2023-04-23,155,pm10,17.632,µg/m³,1
2023-04-24,155,pm10,8.32,µg/m³,1
2023-04-25,155,pm10,13.271,µg/m³,1
2023-04-26,155,pm10,17.352,µg/m³,1
2023-04-27,155,pm10,20.737,µg/m³,1
2023-04-28,155,pm10,20.7,µg/m³,1
2023-04-29,155,pm10,11.018,µg/m³,1
2023-04-30,155,pm10,13.887,µg/m³,1
2023-05-01,155,pm10,17.524,µg/m³,1
2023-05-02,155,pm10,12.868,µg/m³,1
2023-05-03,155,pm10,11.37,µg/m³,1
2023-05-04,155,pm10,24.147,µg/m³,1
2023-05-05,155,pm10,26.421,µg/m³,1
2023-05-06,155,pm10,20.168,µg/m³,1
2023-05-07,155,pm10,14.934,µg/m³,1
2023-05-08,155,pm10,18.534,µg/m³,1
2023-05-09,155,pm10,14.474,µg/m³,1
2023-05-10,155,pm10,17.262,µg/m³,1
2023-05-11,155,pm10,18.874,µg/m³,1
2023-05-12,155,pm10,10.946,µg/m³,1
2023-05-13,155,pm10,12.308,µg/m³,1
2023-05-14,155,pm10,9.068,µg/m³,1
2023-05-15,155,pm10,9.71,µg/m³,1
2023-05-16,155,pm10,9.971,µg/m³,1
2023-05-17,155,pm10,7.968,µg/m³,1
2023-05-18,155,pm10,19.437,µg/m³,1
2023-05-19,155,pm10,17.686,µg/m³,1
2023-05-20,155,pm10,20.52,µg/m³,1
2023-05-21,155,pm10,21.819,µg/m³,1
2023-05-22,155,pm10,25.037,µg/m³,1
2023-05-23,155,pm10,17.551,µg/m³,1
2023-05-24,155,pm10,14.582,µg/m³,1
2023-05-25,155,pm10,20.069,µg/m³,1
2023-05-26,155,pm10,18.778,µg/m³,1
2023-05-27,155,pm10,21.864,µg/m³,1
2023-05-28,155,pm10,20.745,µg/m³,1
2023-05-29,155,pm10,21.648,µg/m³,1
2023-05-30,155,pm10,20.15,µg/m³,1
2023-05-31,155,pm10,25.293,µg/m³,1
2023-06-01,155,pm10,28.172,µg/m³,1
2023-06-02,155,pm10,17.289,µg/m³,1
2023-06-03,155,pm10,18.823,µg/m³,1
2023-06-04,155,pm10,22.766,µg/m³,1
2023-06-05,155,pm10,19.058,µg/m³,1
2023-06-06,155,pm10,14.688,µg/m³,1
2023-06-07,155,pm10,16.838,µg/m³,1
2023-06-08,155,pm10,13.725,µg/m³,1
2023-06-09,155,pm10,17.226,µg/m³,1
2023-06-10,155,pm10,13.346,µg/m³,1
2023-06-11,155,pm10,14.149,µg/m³,1
2023-06-12,155,pm10,14.772,µg/m³,1
2023-06-13,155,pm10,17.443,µg/m³,1
2023-06-14,155,pm10,12.02,µg/m³,1
2023-06-15,155,pm10,17.461,µg/m³,1
2023-06-16,155,pm10,18.173,µg/m³,1
2023-06-17,155,pm10,17.316,µg/m³,1
2023-06-18,155,pm10,19.094,µg/m³,1
2023-06-19,155,pm10,24.437,µg/m³,1
2023-06-20,155,pm10,20.637,µg/m³,1
2023-06-21,155,pm10,27.107,µg/m³,1
2023-06-22,155,pm10,31.817,µg/m³,1
2023-06-23,155,pm10,19.085,µg/m³,1
2023-06-24,155,pm10,10.928,µg/m³,1
2023-06-25,155,pm10,16.044,µg/m³,1
2023-06-26,155,pm10,20.619,µg/m³,1
2023-06-27,155,pm10,12.597,µg/m³,1
2023-06-28,155,pm10,13.003,µg/m³,1
2023-06-29,155,pm10,14.88,µg/m³,1
2023-06-30,155,pm10,12.164,µg/m³,1
2023-07-01,155,pm10,12.66,µg/m³,1
2023-07-02,155,pm10,13.22,µg/m³,1
2023-07-03,155,pm10,12.516,µg/m³,1
2023-07-04,155,pm10,17.981,µg/m³,1
2023-07-05,155,pm10,12.75,µg/m³,1
2023-07-06,155,pm10,11.135,µg/m³,1
2023-07-07,155,pm10,14.438,µg/m³,1
2023-07-08,155,pm10,18.85,µg/m³,1
2023-07-09,155,pm10,19.076,µg/m³,1
2023-07-10,155,pm10,24.364,µg/m³,1
2023-07-11,155,pm10,22.306,µg/m³,1
2023-07-12,155,pm10,25.392,µg/m³,1
2023-07-13,155,pm10,11.37,µg/m³,1
2023-07-14,155,pm10,18.652,µg/m³,1
2023-07-15,155,pm10,15.909,µg/m³,1
2023-07-16,155,pm10,21.557,µg/m³,1
2023-07-17,155,pm10,21.233,µg/m³,1
2023-07-18,155,pm10,15.395,µg/m³,1
2023-07-19,155,pm10,14.339,µg/m³,1
2023-07-20,155,pm10,18.074,µg/m³,1
2023-07-21,155,pm10,15.187,µg/m³,1
2023-07-22,155,pm10,13.093,µg/m³,1
2023-07-23,155,pm10,19.807,µg/m³,1
2023-07-24,155,pm10,24.066,µg/m³,1
2023-07-25,155,pm10,13.364,µg/m³,1
2023-07-26,155,pm10,11.352,µg/m³,1
2023-07-27,155,pm10,13.066,µg/m³,1
2023-07-28,155,pm10,17.722,µg/m³,1
2023-07-29,155,pm10,17.614,µg/m³,1
2023-07-30,155,pm10,12.39,µg/m³,1
2023-07-31,155,pm10,15.302,µg/m³,1
2023-08-01,155,pm10,9.71,µg/m³,1
2023-08-02,155,pm10,14.284,µg/m³,1
2023-08-03,155,pm10,14.862,µg/m³,1
2023-08-04,155,pm10,8.482,µg/m³,1
2023-08-05,155,pm10,5.965,µg/m³,1
2023-08-06,155,pm10,7.869,µg/m³,1
2023-08-07,155,pm10,10.81,µg/m³,1
2023-08-08,155,pm10,11.054,µg/m³,1
2023-08-09,155,pm10,16.207,µg/m³,1
2023-08-10,155,pm10,15.124,µg/m³,1
2023-08-11,155,pm10,15.683,µg/m³,1
2023-08-12,155,pm10,18.913,µg/m³,1
2023-08-13,155,pm10,32.313,µg/m³,1
2023-08-14,155,pm10,25.158,µg/m³,1
2023-08-15,155,pm10,26.781,µg/m³,1
2023-08-16,155,pm10,22.514,µg/m³,1
2023-08-17,155,pm10,27.91,µg/m³,1
2023-08-18,155,pm10,25.952,µg/m³,1
2023-08-19,155,pm10,26.259,µg/m³,1
2023-08-20,155,pm10,32.07,µg/m³,1
2023-08-21,155,pm10,30.86,µg/m³,1
2023-08-22,155,pm10,32.756,µg/m³,1
2023-08-23,155,pm10,33.929,µg/m³,1
2023-08-24,155,pm10,31.727,µg/m³,1
2023-08-25,155,pm10,34.471,µg/m³,1
2023-08-26,155,pm10,31.673,µg/m³,1
2023-08-27,155,pm10,28.371,µg/m³,1
2023-08-28,155,pm10,27.398,µg/m³,1
2023-08-29,155,pm10,11.37,µg/m³,1
2023-08-30,155,pm10,9.718,µg/m³,1
2023-08-31,155,pm10,17.749,µg/m³,1
2023-09-01,155,pm10,17.849,µg/m³,1
2023-09-02,155,pm10,20.926,µg/m³,1
2023-09-03,155,pm10,8.843,µg/m³,1
2023-09-04,155,pm10,8.717,µg/m³,1
2023-09-05,155,pm10,22.523,µg/m³,1
2023-09-06,155,pm10,18.742,µg/m³,1
2023-09-07,155,pm10,25.943,µg/m³,1
2023-09-08,155,pm10,31.818,µg/m³,1
2023-09-09,155,pm10,28.659,µg/m³,1
2023-09-10,155,pm10,30.193,µg/m³,1
2023-09-11,155,pm10,41.717,µg/m³,1
2023-09-12,155,pm10,26.604,µg/m³,1
2023-09-13,155,pm10,26.836,µg/m³,1
2023-09-14,155,pm10,14.911,µg/m³,1
2023-09-15,155,pm10,20.159,µg/m³,1
2023-09-16,155,pm10,20.79,µg/m³,1
2023-09-17,155,pm10,21.17,µg/m³,1
2023-09-18,155,pm10,26.999,µg/m³,1
2023-09-19,155,pm10,15.791,µg/m³,1
2023-09-20,155,pm10,23.993,µg/m³,1
2023-09-21,155,pm10,22.099,µg/m³,1
2023-09-22,155,pm10,27.964,µg/m³,1
2023-09-23,155,pm10,5.838,µg/m³,1
2023-09-24,155,pm10,8.257,µg/m³,1
2023-09-25,155,pm10,34.101,µg/m³,1
2023-09-26,155,pm10,38.211,µg/m³,1
2023-09-27,155,pm10,38.422,µg/m³,1
2023-09-28,155,pm10,39.884,µg/m³,1
2023-09-29,155,pm10,40.904,µg/m³,1
2023-09-30,155,pm10,30.148,µg/m³,1
2023-10-01,155,pm10,23.903,µg/m³,1
2023-10-02,155,pm10,29.913,µg/m³,1
2023-10-03,155,pm10,24.599,µg/m³,1
2023-10-04,155,pm10,20.908,µg/m³,1
2023-10-05,155,pm10,27.585,µg/m³,1
2023-10-06,155,pm10,26.331,µg/m³,1
2023-10-07,155,pm10,21.458,µg/m³,1
2023-10-08,155,pm10,14.609,µg/m³,1
2023-10-09,155,pm10,26.259,µg/m³,1
2023-10-10,155,pm10,30.627,µg/m³,1
2023-10-11,155,pm10,37.089,µg/m³,1
2023-10-12,155,pm10,36.167,µg/m³,1
2023-10-13,155,pm10,36.075,µg/m³,1
2023-10-14,155,pm10,21.395,µg/m³,1
2023-10-15,155,pm10,9.845,µg/m³,1
2023-10-16,155,pm10,23.019,µg/m³,1
2023-10-17,155,pm10,37.836,µg/m³,1
2023-10-18,155,pm10,42.781,µg/m³,1
2023-10-19,155,pm10,44.279,µg/m³,1
2023-10-20,155,pm10,42.988,µg/m³,1
2023-10-21,155,pm10,13.355,µg/m³,1
2023-10-22,155,pm10,18.128,µg/m³,1
2023-10-23,155,pm10,32.855,µg/m³,1
2023-10-24,155,pm10,26.664,µg/m³,1
2023-10-25,155,pm10,15.485,µg/m³,1
2023-10-26,155,pm10,11.46,µg/m³,1
2023-10-27,155,pm10,11.677,µg/m³,1
2023-10-28,155,pm10,22.785,µg/m³,1
2023-10-29,155,pm10,12.678,µg/m³,1
2023-10-30,155,pm10,22.676,µg/m³,1
2023-10-31,155,pm10,7.544,µg/m³,1
2023-11-01,155,pm10,23.164,µg/m³,1
2023-11-02,155,pm10,13.066,µg/m³,1
2023-11-03,155,pm10,14.88,µg/m³,1
2023-11-04,155,pm10,15.62,µg/m³,1
2023-11-05,155,pm10,16.712,µg/m³,1
2023-11-06,155,pm10,21.72,µg/m³,1
2023-11-07,155,pm10,15.139,µg/m³,1
2023-11-08,155,pm10,28.028,µg/m³,1
2023-11-09,155,pm10,16.513,µg/m³,1
2023-11-10,155,pm10,14.799,µg/m³,1
2023-11-11,155,pm10,22.938,µg/m³,1
2023-11-12,155,pm10,31.23,µg/m³,1
2023-11-13,155,pm10,21.792,µg/m³,1
2023-11-14,155,pm10,19.518,µg/m³,1
2023-11-15,155,pm10,33.144,µg/m³,1
2023-11-16,155,pm10,53.719,µg/m³,1
2023-11-17,155,pm10,19.699,µg/m³,1
2023-11-18,155,pm10,27.188,µg/m³,1
2023-11-19,155,pm10,36.573,µg/m³,1
2023-11-20,155,pm10,74.229,µg/m³,1
2023-11-21,155,pm10,13.44,µg/m³,1
2023-11-22,155,pm10,14.985,µg/m³,1
2023-11-23,155,pm10,31.97,µg/m³,1
2023-11-24,155,pm10,13.569,µg/m³,1
2023-11-25,155,pm10,17.28,µg/m³,1
2023-11-26,155,pm10,37.142,µg/m³,1
2023-11-27,155,pm10,37.881,µg/m³,1
2023-11-28,155,pm10,19.058,µg/m³,1
2023-11-29,155,pm10,25.663,µg/m³,1
2023-11-30,155,pm10,44.532,µg/m³,1
2023-12-01,155,pm10,21.07,µg/m³,1
2023-12-02,155,pm10,16.712,µg/m³,1
2023-12-03,155,pm10,44.099,µg/m³,1
2023-12-04,155,pm10,48.493,µg/m³,1
2023-12-05,155,pm10,32.969,µg/m³,1
2023-12-06,155,pm10,39.424,µg/m³,1
2023-12-07,155,pm10,77.775,µg/m³,1
2023-12-08,155,pm10,71.17,µg/m³,1
2023-12-09,155,pm10,29.841,µg/m³,1
2023-12-10,155,pm10,22.848,µg/m³,1
2023-12-11,155,pm10,53.547,µg/m³,1
2023-12-12,155,pm10,78.686,µg/m³,1
2023-12-13,155,pm10,16.532,µg/m³,1
2023-12-14,155,pm10,33.83,µg/m³,1
2023-12-15,155,pm10,18.688,µg/m³,1
2023-12-16,155,pm10,44.107,µg/m³,1
2023-12-17,155,pm10,78.434,µg/m³,1
2023-12-18,155,pm10,134.061,µg/m³,1
2023-12-19,155,pm10,129.459,µg/m³,1
2023-12-20,155,pm10,79.227,µg/m³,1
2023-12-21,155,pm10,40.362,µg/m³,1
2023-12-22,155,pm10,46.228,µg/m³,1
2023-12-23,155,pm10,59.539,µg/m³,1
2023-12-24,155,pm10,49.856,µg/m³,1
2023-12-25,155,pm10,19.518,µg/m³,1
2023-12-26,155,pm10,29.137,µg/m³,1
2023-12-27,155,pm10,47.456,µg/m³,1
2023-12-28,155,pm10,19.645,µg/m³,1
2023-12-29,155,pm10,20.357,µg/m³,1
2023-12-30,155,pm10,30.057,µg/m³,1
2023-12-31,155,pm10,10.513,µg/m³,1
2024-01-01,155,pm10,26.547,µg/m³,1
2024-01-02,155,pm10,11.091,µg/m³,1
2024-01-03,155,pm10,16.982,µg/m³,1
2024-01-04,155,pm10,38.856,µg/m³,1
2024-01-05,155,pm10,45.615,µg/m³,1
2024-01-06,155,pm10,11.902,µg/m³,1
2024-01-07,155,pm10,9.385,µg/m³,1
2024-01-08,155,pm10,21.241,µg/m³,1
2024-01-09,155,pm10,31.275,µg/m³,1
2024-01-10,155,pm10,75.635,µg/m³,1
2024-01-11,155,pm10,58.718,µg/m³,1
2024-01-12,155,pm10,48.746,µg/m³,1
2024-01-13,155,pm10,56.064,µg/m³,1
2024-01-14,155,pm10,88.665,µg/m³,1
2024-01-15,155,pm10,27.721,µg/m³,1
2024-01-16,155,pm10,26.404,µg/m³,1
2024-01-17,155,pm10,36.663,µg/m³,1
2024-01-18,155,pm10,15.087,µg/m³,1
2024-01-19,155,pm10,33.856,µg/m³,1
2024-01-20,155,pm10,47.618,µg/m³,1
2024-01-21,155,pm10,74.906,µg/m³,1
2024-01-22,155,pm10,51.154,µg/m³,1
2024-01-23,155,pm10,72.911,µg/m³,1
2024-01-24,155,pm10,35.788,µg/m³,1
2024-01-25,155,pm10,35.58,µg/m³,1
2024-01-26,155,pm10,43.232,µg/m³,1
2024-01-27,155,pm10,43.765,µg/m³,1
2024-01-28,155,pm10,69.879,µg/m³,1
2024-01-29,155,pm10,69.13,µg/m³,1
2024-01-30,155,pm10,96.102,µg/m³,1
2024-01-31,155,pm10,119.383,µg/m³,1
2024-02-01,155,pm10,93.62,µg/m³,1
2024-02-02,155,pm10,55.062,µg/m³,1
2024-02-03,155,pm10,82.324,µg/m³,1
2024-02-04,155,pm10,48.989,µg/m³,1
2024-02-05,155,pm10,25.447,µg/m³,1
2024-02-06,155,pm10,28.478,µg/m³,1
2024-02-07,155,pm10,21.774,µg/m³,1
2024-02-08,155,pm10,17.244,µg/m³,1
2024-02-09,155,pm10,25.086,µg/m³,1
2024-02-10,155,pm10,23.912,µg/m³,1
2024-02-11,155,pm10,8.482,µg/m³,1
2024-02-12,155,pm10,34.308,µg/m³,1
2024-02-13,155,pm10,34.476,µg/m³,1
2024-02-14,155,pm10,49.811,µg/m³,1
2024-02-15,155,pm10,34.543,µg/m³,1
2024-02-16,155,pm10,52.615,µg/m³,1
2024-02-17,155,pm10,33.775,µg/m³,1
2024-02-18,155,pm10,43.467,µg/m³,1
2024-02-19,155,pm10,63.653,µg/m³,1
2024-02-20,155,pm10,24.499,µg/m³,1
2024-02-21,155,pm10,28.37,µg/m³,1
2024-02-22,155,pm10,11.767,µg/m³,1
2024-02-23,155,pm10,18.21,µg/m³,1
2024-02-24,155,pm10,32.395,µg/m³,1
2024-02-25,155,pm10,31.023,µg/m³,1
2024-02-26,155,pm10,35.896,µg/m³,1
2024-02-27,155,pm10,48.247,µg/m³,1
2024-02-28,155,pm10,61.496,µg/m³,1
2024-02-29,155,pm10,55.712,µg/m³,1
2024-03-01,155,pm10,55.54,µg/m³,1
2024-03-02,155,pm10,25.6,µg/m³,1
2024-03-03,155,pm10,35.896,µg/m³,1
2024-03-04,155,pm10,47.716,µg/m³,1
2024-03-05,155,pm10,29.732,µg/m³,1
2024-03-06,155,pm10,24.066,µg/m³,1
2024-03-07,155,pm10,27.693,µg/m³,1
2024-03-08,155,pm10,38.585,µg/m³,1
2024-03-09,155,pm10,40.47,µg/m³,1
2024-03-10,155,pm10,26.809,µg/m³,1
2024-03-11,155,pm10,5.92,µg/m³,1
2024-03-12,155,pm10,25.099,µg/m³,1
2024-03-13,155,pm10,26.06,µg/m³,1
2024-03-14,155,pm10,26.818,µg/m³,1
2024-03-15,155,pm10,31.98,µg/m³,1
2024-03-16,155,pm10,36.085,µg/m³,1
2024-03-17,155,pm10,15.449,µg/m³,1
2024-03-18,155,pm10,19.013,µg/m³,1
2024-03-19,155,pm10,35.472,µg/m³,1
2024-03-20,155,pm10,43.032,µg/m³,1
2024-03-21,155,pm10,19.257,µg/m³,1
2024-03-22,155,pm10,26.439,µg/m³,1
2024-03-23,155,pm10,9.872,µg/m³,1
2024-03-24,155,pm10,12.345,µg/m³,1
2024-03-25,155,pm10,20.321,µg/m³,1
2024-03-26,155,pm10,37.148,µg/m³,1
2024-03-27,155,pm10,16.179,µg/m³,1
2024-03-28,155,pm10,11.704,µg/m³,1
2024-03-29,155,pm10,34.353,µg/m³,1
2024-03-30,155,pm10,46.634,µg/m³,1
2024-03-31,155,pm10,143.89,µg/m³,1
2024-04-01,155,pm10,49.504,µg/m³,1
2024-04-02,155,pm10,14.555,µg/m³,1
2024-04-03,155,pm10,9.087,µg/m³,1
2024-04-04,155,pm10,14.618,µg/m³,1
2024-04-05,155,pm10,17.082,µg/m³,1
2024-04-06,155,pm10,17.307,µg/m³,1
2024-04-07,155,pm10,25.537,µg/m³,1
2024-04-08,155,pm10,25.709,µg/m³,1
2024-04-09,155,pm10,23.571,µg/m³,1
2024-04-10,155,pm10,17.686,µg/m³,1
2024-04-11,155,pm10,21.621,µg/m³,1
2024-04-12,155,pm10,32.801,µg/m³,1
2024-04-13,155,pm10,26.394,µg/m³,1
2024-04-14,155,pm10,20.854,µg/m³,1
2024-04-15,155,pm10,27.883,µg/m³,1
2024-04-16,155,pm10,4.485,µg/m³,1
2024-04-17,155,pm10,9.755,µg/m³,1
2024-04-18,155,pm10,12.434,µg/m³,1
2024-04-19,155,pm10,20.926,µg/m³,1
2024-04-20,155,pm10,7.607,µg/m³,1
2024-04-21,155,pm10,11.695,µg/m³,1
2024-04-22,155,pm10,15.665,µg/m³,1
2024-04-23,155,pm10,10.534,µg/m³,1
2024-04-24,155,pm10,15.674,µg/m³,1
2024-04-25,155,pm10,20.023,µg/m³,1
2024-04-26,155,pm10,14.88,µg/m³,1
2024-04-27,155,pm10,17.876,µg/m³,1
2024-04-28,155,pm10,26.611,µg/m³,1
2024-04-29,155,pm10,21.115,µg/m³,1
2024-04-30,155,pm10,21.206,µg/m³,1
2024-05-01,155,pm10,19.247,µg/m³,1
2024-05-02,155,pm10,8.5,µg/m³,1
2024-05-03,155,pm10,10.386,µg/m³,1
2024-05-04,155,pm10,17.921,µg/m³,1
2024-05-05,155,pm10,11.559,µg/m³,1
2024-05-06,155,pm10,11.839,µg/m³,1
2024-05-07,155,pm10,7.901,µg/m³,1
2024-05-08,155,pm10,10.043,µg/m³,1
2024-05-09,155,pm10,13.599,µg/m³,1
2024-05-10,155,pm10,12.949,µg/m³,1
2024-05-11,155,pm10,15.385,µg/m³,1
2024-05-12,155,pm10,13.535,µg/m³,1
2024-05-13,155,pm10,10.846,µg/m³,1
2024-05-14,155,pm10,18.273,µg/m³,1
2024-05-15,155,pm10,11.749,µg/m³,1
2024-05-16,155,pm10,15.412,µg/m³,1
2024-05-17,155,pm10,10.513,µg/m³,1
2024-05-18,155,pm10,10.404,µg/m³,1
2024-05-19,155,pm10,26.683,µg/m³,1
2024-05-20,155,pm10,42.862,µg/m³,1
2024-05-21,155,pm10,11.722,µg/m³,1
2024-05-22,155,pm10,19.969,µg/m³,1
2024-05-23,155,pm10,13.274,µg/m³,1
2024-05-24,155,pm10,15.656,µg/m³,1
2024-05-25,155,pm10,15.611,µg/m³,1
2024-05-26,155,pm10,18.426,µg/m³,1
2024-05-27,155,pm10,24.77,µg/m³,1
2024-05-28,155,pm10,13.897,µg/m³,1
2024-05-29,155,pm10,15.087,µg/m³,1
2024-05-30,155,pm10,11.478,µg/m³,1
2024-05-31,155,pm10,10.404,µg/m³,1
2024-06-01,155,pm10,12.155,µg/m³,1
2024-06-02,155,pm10,12.85,µg/m³,1
2024-06-03,155,pm10,11.162,µg/m³,1
2024-06-04,155,pm10,15.701,µg/m³,1
2024-06-05,155,pm10,15.644,µg/m³,1
2024-06-06,155,pm10,18.589,µg/m³,1
2024-06-07,155,pm10,16.747,µg/m³,1
2024-06-08,155,pm10,17.84,µg/m³,1
2024-06-09,155,pm10,22.929,µg/m³,1
2024-06-10,155,pm10,11.767,µg/m³,1
2024-06-11,155,pm10,11.108,µg/m³,1
2024-06-12,155,pm10,10.395,µg/m³,1
2024-06-13,155,pm10,12.452,µg/m³,1
2024-06-14,155,pm10,12.823,µg/m³,1
2024-06-15,155,pm10,12.065,µg/m³,1
2024-06-16,155,pm10,13.256,µg/m³,1
2024-06-17,155,pm10,14.546,µg/m³,1
2024-06-18,155,pm10,17.654,µg/m³,1
2024-06-19,155,pm10,24.319,µg/m³,1
2024-06-20,155,pm10,36.356,µg/m³,1
2024-06-21,155,pm10,83.975,µg/m³,1
2024-06-22,155,pm10,13.833,µg/m³,1
2024-06-23,155,pm10,17.181,µg/m³,1
2024-06-24,155,pm10,17.28,µg/m³,1
2024-06-25,155,pm10,21.567,µg/m³,1
2024-06-26,155,pm10,22.857,µg/m³,1
2024-06-27,155,pm10,25.69,µg/m³,1
2024-06-28,155,pm10,23.543,µg/m³,1
2024-06-29,155,pm10,24.364,µg/m³,1
2024-06-30,155,pm10,22.686,µg/m³,1
2024-07-01,155,pm10,16.125,µg/m³,1
2024-07-02,155,pm10,13.703,µg/m³,1
2024-07-03,155,pm10,22.144,µg/m³,1
2024-07-04,155,pm10,15.899,µg/m³,1
2024-07-05,155,pm10,16.107,µg/m³,1
2024-07-06,155,pm10,13.788,µg/m³,1
2024-07-07,155,pm10,20.79,µg/m³,1
2024-07-08,155,pm10,27.396,µg/m³,1
2024-07-09,155,pm10,32.458,µg/m³,1
2024-07-10,155,pm10,35.816,µg/m³,1
2024-07-11,155,pm10,35.3,µg/m³,1
2024-07-12,155,pm10,29.156,µg/m³,1
2024-07-13,155,pm10,23.164,µg/m³,1
2024-07-14,155,pm10,22.386,µg/m³,1
2024-07-15,155,pm10,25.961,µg/m³,1
2024-07-16,155,pm10,20.017,µg/m³,1
2024-07-17,155,pm10,15.638,µg/m³,1
2024-07-18,155,pm10,21.071,µg/m³,1
2024-07-19,155,pm10,18.219,µg/m³,1
2024-07-20,155,pm10,12.48,µg/m³,1
2024-07-21,155,pm10,19.022,µg/m³,1
2024-07-22,155,pm10,19.329,µg/m³,1
2024-07-23,155,pm10,15.214,µg/m³,1
2024-07-24,155,pm10,13.915,µg/m³,1
2024-07-25,155,pm10,17.695,µg/m³,1
2024-07-26,155,pm10,17.154,µg/m³,1
2024-07-27,155,pm10,21.809,µg/m³,1
2024-07-28,155,pm10,13.571,µg/m³,1
2024-07-29,155,pm10,14.636,µg/m³,1
2024-07-30,155,pm10,20.105,µg/m³,1
2024-07-31,155,pm10,24.091,µg/m³,1
2024-08-01,155,pm10,18.309,µg/m³,1
2024-08-02,155,pm10,12.127,µg/m³,1
2024-08-03,155,pm10,13.454,µg/m³,1
2024-08-04,155,pm10,12.768,µg/m³,1
2024-08-05,155,pm10,11.297,µg/m³,1
2024-08-06,155,pm10,15.945,µg/m³,1
2024-08-07,155,pm10,16.333,µg/m³,1
2024-08-08,155,pm10,12.443,µg/m³,1
2024-08-09,155,pm10,15.277,µg/m³,1
2024-08-10,155,pm10,17.172,µg/m³,1
2024-08-11,155,pm10,17.569,µg/m³,1
2024-08-12,155,pm10,23.541,µg/m³,1
2024-08-13,155,pm10,26.222,µg/m³,1
2024-08-14,155,pm10,23.777,µg/m³,1
2024-08-15,155,pm10,22.369,µg/m³,1
2024-08-16,155,pm10,27.072,µg/m³,1
2024-08-17,155,pm10,23.065,µg/m³,1
2024-08-18,155,pm10,21.359,µg/m³,1
2024-08-19,155,pm10,13.995,µg/m³,1
2024-08-20,155,pm10,24.156,µg/m³,1
2024-08-21,155,pm10,19.536,µg/m³,1
2024-08-22,155,pm10,20.943,µg/m³,1
2024-08-23,155,pm10,28.676,µg/m³,1
2024-08-24,155,pm10,23.759,µg/m³,1
2024-08-25,155,pm10,17.018,µg/m³,1
2024-08-26,155,pm10,19.96,µg/m³,1
2024-08-27,155,pm10,24.103,µg/m³,1
2024-08-28,155,pm10,33,µg/m³,1
2024-08-29,155,pm10,36.329,µg/m³,1
2024-08-30,155,pm10,34.209,µg/m³,1
2024-08-31,155,pm10,33.83,µg/m³,1
2024-09-01,155,pm10,34.534,µg/m³,1
2024-09-02,155,pm10,41.708,µg/m³,1
2024-09-03,155,pm10,44.361,µg/m³,1
2024-09-04,155,pm10,41.337,µg/m³,1
2024-09-05,155,pm10,21.748,µg/m³,1
2024-09-06,155,pm10,14.348,µg/m³,1
2024-09-07,155,pm10,14.862,µg/m³,1
2024-09-08,155,pm10,30.328,µg/m³,1
2024-09-09,155,pm10,10.296,µg/m³,1
2024-09-10,155,pm10,15.223,µg/m³,1
2024-09-11,155,pm10,16.385,µg/m³,1
2024-09-12,155,pm10,4.07,µg/m³,1
2024-09-13,155,pm10,2.436,µg/m³,1
2024-09-14,155,pm10,3.059,µg/m³,1
2024-09-15,155,pm10,6.66,µg/m³,1
2024-09-16,155,pm10,6.497,µg/m³,1
2024-09-17,155,pm10,15.611,µg/m³,1
2024-09-18,155,pm10,33.226,µg/m³,1
2024-09-19,155,pm10,22.622,µg/m³,1
2024-09-20,155,pm10,24.283,µg/m³,1
2024-09-21,155,pm10,30.626,µg/m³,1
2024-09-22,155,pm10,32.431,µg/m³,1
2024-09-23,155,pm10,22.307,µg/m³,1
2024-09-24,155,pm10,11.423,µg/m³,1
2024-09-25,155,pm10,11.397,µg/m³,1
2024-09-26,155,pm10,19.266,µg/m³,1
2024-09-27,155,pm10,18.616,µg/m³,1
2024-09-28,155,pm10,7.047,µg/m³,1
2024-09-29,155,pm10,11.171,µg/m³,1
2024-09-30,155,pm10,21.918,µg/m³,1
2024-10-01,155,pm10,23.072,µg/m³,1
2024-10-02,155,pm10,11.234,µg/m³,1
2024-10-03,155,pm10,6.975,µg/m³,1
2024-10-04,155,pm10,15.268,µg/m³,1
2024-10-05,155,pm10,12.877,µg/m³,1
2024-10-06,155,pm10,13.815,µg/m³,1
2024-10-07,155,pm10,10.413,µg/m³,1
2024-10-08,155,pm10,16.769,µg/m³,1
2024-10-09,155,pm10,12.615,µg/m³,1
2024-10-10,155,pm10,9.294,µg/m³,1
2024-10-11,155,pm10,11.649,µg/m³,1
2024-10-12,155,pm10,18.57,µg/m³,1
2024-10-13,155,pm10,13.905,µg/m³,1
2024-10-14,155,pm10,29.264,µg/m³,1
2024-10-15,155,pm10,16.829,µg/m³,1
2024-10-16,155,pm10,22.298,µg/m³,1
2024-10-17,155,pm10,40.696,µg/m³,1
2024-10-18,155,pm10,35.697,µg/m³,1
2024-10-19,155,pm10,27.955,µg/m³,1
2024-10-20,155,pm10,40.723,µg/m³,1
2024-10-21,155,pm10,57.32,µg/m³,1
2024-10-22,155,pm10,55.721,µg/m³,1
2024-10-23,155,pm10,44.143,µg/m³,1
2024-10-24,155,pm10,33.243,µg/m³,1
2024-10-25,155,pm10,32.251,µg/m³,1
2024-10-26,155,pm10,37.666,µg/m³,1
2024-10-27,155,pm10,33.838,µg/m³,1
2024-10-28,155,pm10,49.972,µg/m³,1
2024-10-29,155,pm10,42.493,µg/m³,1
2024-10-30,155,pm10,50.993,µg/m³,1
2024-10-31,155,pm10,29.742,µg/m³,1
2024-11-01,155,pm10,21.368,µg/m³,1
2024-11-02,155,pm10,27.441,µg/m³,1
2024-11-03,155,pm10,33.776,µg/m³,1
2024-11-04,155,pm10,47.239,µg/m³,1
2024-11-05,155,pm10,62.931,µg/m³,1
2024-11-06,155,pm10,70.485,µg/m³,1
2024-11-07,155,pm10,69.113,µg/m³,1
2024-11-08,155,pm10,68.653,µg/m³,1
2024-11-09,155,pm10,60.918,µg/m³,1
2024-11-10,155,pm10,49.883,µg/m³,1
2024-11-11,155,pm10,53.06,µg/m³,1
2024-11-12,155,pm10,33.92,µg/m³,1
2024-11-13,155,pm10,24.996,µg/m³,1
2024-11-14,155,pm10,33.406,µg/m³,1
2024-11-15,155,pm10,48.286,µg/m³,1
2024-11-16,155,pm10,51.886,µg/m³,1
2024-11-17,155,pm10,47.302,µg/m³,1
2024-11-18,155,pm10,67.01,µg/m³,1
2024-11-19,155,pm10,54.412,µg/m³,1
2024-11-20,155,pm10,10.097,µg/m³,1
2024-11-21,155,pm10,19.951,µg/m³,1
2024-11-22,155,pm10,16.982,µg/m³,1
2024-11-23,155,pm10,22.316,µg/m³,1
2024-11-24,155,pm10,11.622,µg/m³,1
2024-11-25,155,pm10,13.517,µg/m³,1
2024-11-26,155,pm10,17.136,µg/m³,1
2024-11-27,155,pm10,20.673,µg/m³,1
2024-11-28,155,pm10,26.899,µg/m³,1
2024-11-29,155,pm10,21.53,µg/m³,1
2024-11-30,155,pm10,16.125,µg/m³,1
2024-12-01,155,pm10,32.973,µg/m³,1
2024-12-02,155,pm10,36.518,µg/m³,1
2024-12-03,155,pm10,52.849,µg/m³,1
2024-12-04,155,pm10,37.222,µg/m³,1
2024-12-05,155,pm10,45.768,µg/m³,1
2024-12-06,155,pm10,63.985,µg/m³,1
2024-12-07,155,pm10,39.831,µg/m³,1
2024-12-08,155,pm10,13.689,µg/m³,1
2024-12-09,155,pm10,21.711,µg/m³,1
2024-12-10,155,pm10,25.898,µg/m³,1
2024-12-11,155,pm10,20.971,µg/m³,1
2024-12-12,155,pm10,53.564,µg/m³,1
2024-12-13,155,pm10,42.609,µg/m³,1
2024-12-14,155,pm10,25.068,µg/m³,1
2024-12-15,155,pm10,21.025,µg/m³,1
2024-12-16,155,pm10,66.973,µg/m³,1
2024-12-17,155,pm10,61.552,µg/m³,1
2024-12-18,155,pm10,49.061,µg/m³,1
2024-12-19,155,pm10,14.681,µg/m³,1
2024-12-20,155,pm10,18.724,µg/m³,1
2024-12-21,155,pm10,28.938,µg/m³,1
2024-12-22,155,pm10,19.753,µg/m³,1
2024-12-23,155,pm10,6.578,µg/m³,1
2024-12-24,155,pm10,5.983,µg/m³,1
2024-12-25,155,pm10,13.283,µg/m³,1
2024-12-26,155,pm10,41.194,µg/m³,1
2024-12-27,155,pm10,68.445,µg/m³,1
2024-12-28,155,pm10,80.571,µg/m³,1
2024-12-29,155,pm10,105.181,µg/m³,1
2024-12-30,155,pm10,139.303,µg/m³,1
2024-12-31,155,pm10,104.457,µg/m³,1
2025-01-01,155,pm10,48.788,µg/m³,1
2025-01-02,155,pm10,8.915,µg/m³,1
2025-01-03,155,pm10,20.367,µg/m³,1
2025-01-04,155,pm10,11.442,µg/m³,1
2025-01-05,155,pm10,21.377,µg/m³,1
2025-01-06,155,pm10,13.824,µg/m³,1
2025-01-07,155,pm10,13.238,µg/m³,1
2025-01-08,155,pm10,15.015,µg/m³,1
2025-01-09,155,pm10,13.057,µg/m³,1
2025-01-10,155,pm10,21.819,µg/m³,1
2025-01-11,155,pm10,24.264,µg/m³,1
2025-01-12,155,pm10,27.893,µg/m³,1
2025-01-13,155,pm10,18.417,µg/m³,1
2025-01-14,155,pm10,51.236,µg/m³,1
2025-01-15,155,pm10,41.201,µg/m³,1
2025-01-16,155,pm10,38.324,µg/m³,1
2025-01-17,155,pm10,33.387,µg/m³,1
2025-01-18,155,pm10,39.758,µg/m³,1
2025-01-19,155,pm10,39.144,µg/m³,1
2025-01-20,155,pm10,49.992,µg/m³,1
2025-01-21,155,pm10,42.474,µg/m³,1
2025-01-22,155,pm10,68.02,µg/m³,1
2025-01-23,155,pm10,22.334,µg/m³,1
2025-01-24,155,pm10,14.709,µg/m³,1
2025-01-25,155,pm10,14.122,µg/m³,1
2025-01-26,155,pm10,14.555,µg/m³,1
2025-01-27,155,pm10,19.527,µg/m³,1
2025-01-28,155,pm10,23.327,µg/m³,1
2025-01-29,155,pm10,52.86,µg/m³,1
2025-01-30,155,pm10,48.511,µg/m³,1
2025-01-31,155,pm10,18.426,µg/m³,1
2025-02-01,155,pm10,39.975,µg/m³,1
2025-02-02,155,pm10,28.524,µg/m³,1
2025-02-03,155,pm10,39.109,µg/m³,1
2025-02-04,155,pm10,81.439,µg/m³,1
2025-02-05,155,pm10,71.325,µg/m³,1
2025-02-06,155,pm10,41.797,µg/m³,1
2025-02-07,155,pm10,72.052,µg/m³,1
2025-02-08,155,pm10,57.092,µg/m³,1
2025-02-09,155,pm10,48.411,µg/m³,1
2025-02-10,155,pm10,55.396,µg/m³,1
2025-02-11,155,pm10,60.529,µg/m³,1
2025-02-12,155,pm10,47.645,µg/m³,1
2025-02-13,155,pm10,45.272,µg/m³,1
2025-02-14,155,pm10,22.306,µg/m³,1
2025-02-15,155,pm10,24.481,µg/m³,1
2025-02-16,155,pm10,19.924,µg/m³,1
2025-02-17,155,pm10,42.745,µg/m³,1
2025-02-18,155,pm10,42.158,µg/m³,1
2025-02-19,155,pm10,57.228,µg/m³,1
2025-02-20,155,pm10,48.592,µg/m³,1
2025-02-21,155,pm10,56.741,µg/m³,1
2025-02-22,155,pm10,62.092,µg/m³,1
2025-02-23,155,pm10,68.489,µg/m³,1
2025-02-24,155,pm10,65.305,µg/m³,1
2025-02-25,155,pm10,47.774,µg/m³,1
2025-02-26,155,pm10,11.902,µg/m³,1
2025-02-27,155,pm10,17.515,µg/m³,1
2025-02-28,155,pm10,31.312,µg/m³,1
2025-03-01,155,pm10,15.512,µg/m³,1
2025-03-02,155,pm10,28.289,µg/m³,1
2025-03-03,155,pm10,59.447,µg/m³,1
2025-03-04,155,pm10,60.015,µg/m³,1
2025-03-05,155,pm10,67.127,µg/m³,1
2025-03-06,155,pm10,57.608,µg/m³,1
2025-03-07,155,pm10,57.904,µg/m³,1
2025-03-08,155,pm10,77.684,µg/m³,1
2025-03-09,155,pm10,55.351,µg/m³,1
2025-03-10,155,pm10,23.055,µg/m³,1
2025-03-11,155,pm10,15.667,µg/m³,1
2025-03-12,155,pm10,13.021,µg/m³,1
2025-03-13,155,pm10,11.496,µg/m³,1
2025-03-14,155,pm10,6.723,µg/m³,1
2025-03-15,155,pm10,13.382,µg/m³,1
2025-03-16,155,pm10,11.352,µg/m³,1
2025-03-17,155,pm10,8.717,µg/m³,1
2025-03-18,155,pm10,32.006,µg/m³,1
2025-03-19,155,pm10,32.918,µg/m³,1
2025-03-20,155,pm10,21.494,µg/m³,1
2025-03-21,155,pm10,16.188,µg/m³,1
2025-03-22,155,pm10,19.091,µg/m³,1
2025-03-23,155,pm10,15.773,µg/m³,1
2025-03-24,155,pm10,15.403,µg/m³,1
2025-03-25,155,pm10,25.878,µg/m³,1
2025-03-26,155,pm10,20.286,µg/m³,1
2025-03-27,155,pm10,15.502,µg/m³,1
2025-03-28,155,pm10,9.682,µg/m³,1
2025-03-29,155,pm10,5.595,µg/m³,1
2025-03-30,155,pm10,10.512,µg/m³,1
2025-03-31,155,pm10,9.538,µg/m³,1
2025-04-01,155,pm10,17.533,µg/m³,1
2025-04-02,155,pm10,21.882,µg/m³,1
2025-04-03,155,pm10,28.126,µg/m³,1
2025-04-04,155,pm10,23.389,µg/m³,1
2025-04-05,155,pm10,17.636,µg/m³,1
2025-04-06,155,pm10,10.102,µg/m³,1
2025-04-07,155,pm10,22.268,µg/m³,1
2025-04-08,155,pm10,23.17,µg/m³,1
2025-04-09,155,pm10,23.405,µg/m³,1
2025-04-10,155,pm10,25.933,µg/m³,1
2025-04-11,155,pm10,25.971,µg/m³,1
2025-04-12,155,pm10,24.103,µg/m³,1
2025-04-13,155,pm10,15.981,µg/m³,1
2025-04-14,155,pm10,19.536,µg/m³,1
2025-04-15,155,pm10,31.24,µg/m³,1
2025-04-16,155,pm10,32.72,µg/m³,1
2025-04-17,155,pm10,15.007,µg/m³,1
2025-04-18,155,pm10,14.546,µg/m³,1
2025-04-19,155,pm10,10.025,µg/m³,1
2025-04-20,155,pm10,13.382,µg/m³,1
2025-04-21,155,pm10,36.111,µg/m³,1
2025-04-22,155,pm10,24.174,µg/m³,1
2025-04-23,155,pm10,25.546,µg/m³,1
2025-04-24,155,pm10,12.363,µg/m³,1
2025-04-25,155,pm10,6.957,µg/m³,1
2025-04-26,155,pm10,21.891,µg/m³,1
2025-04-27,155,pm10,14.645,µg/m³,1
2025-04-28,155,pm10,24.897,µg/m³,1
2025-04-29,155,pm10,22.838,µg/m³,1
2025-04-30,155,pm10,25.798,µg/m³,1
2025-05-01,155,pm10,20.593,µg/m³,1
2025-05-02,155,pm10,19.564,µg/m³,1
2025-05-03,155,pm10,15.123,µg/m³,1
2025-05-04,155,pm10,12.904,µg/m³,1
2025-05-05,155,pm10,9.285,µg/m³,1
2025-05-06,155,pm10,12.511,µg/m³,1
2025-05-07,155,pm10,17.163,µg/m³,1
2025-05-08,155,pm10,18.76,µg/m³,1
2025-05-09,155,pm10,15.368,µg/m³,1
2025-05-10,155,pm10,20.6,µg/m³,1
2025-05-11,155,pm10,16.089,µg/m³,1
2025-05-12,155,pm10,19.13,µg/m³,1
2025-05-13,155,pm10,18.417,µg/m³,1
2025-05-14,155,pm10,21.305,µg/m³,1
2025-05-15,155,pm10,13.202,µg/m³,1
2025-05-16,155,pm10,9.872,µg/m³,1
2025-05-17,155,pm10,8.374,µg/m³,1
2025-05-18,155,pm10,8.247,µg/m³,1
2025-05-19,155,pm10,17.064,µg/m³,1
2025-05-20,155,pm10,17.118,µg/m³,1
2025-05-21,155,pm10,15.909,µg/m³,1
2025-05-22,155,pm10,11.569,µg/m³,1
2025-05-23,155,pm10,11.487,µg/m³,1
2025-05-24,155,pm10,13.364,µg/m³,1
2025-05-25,155,pm10,13.355,µg/m³,1
2025-05-26,155,pm10,12.101,µg/m³,1
2025-05-27,155,pm10,16.477,µg/m³,1
2025-05-28,155,pm10,11.076,µg/m³,1
2025-05-29,155,pm10,9.863,µg/m³,1
2025-05-30,155,pm10,12.723,µg/m³,1
2025-05-31,155,pm10,15.25,µg/m³,1
2025-06-01,155,pm10,13.969,µg/m³,1
2025-06-02,155,pm10,15.015,µg/m³,1
2025-06-03,155,pm10,14.782,µg/m³,1
2025-06-04,155,pm10,17.271,µg/m³,1
2025-06-05,155,pm10,18.877,µg/m³,1
2025-06-06,155,pm10,19.771,µg/m³,1
2025-06-07,155,pm10,17.353,µg/m³,1
2025-06-08,155,pm10,16.692,µg/m³,1
2025-06-09,155,pm10,18.887,µg/m³,1
2025-06-10,155,pm10,34.579,µg/m³,1
2025-06-11,155,pm10,24.978,µg/m³,1
2025-06-12,155,pm10,21.088,µg/m³,1
2025-06-13,155,pm10,22.397,µg/m³,1
2025-06-14,155,pm10,24.959,µg/m³,1
2025-06-15,155,pm10,25.077,µg/m³,1
2025-06-16,155,pm10,16.935,µg/m³,1
2025-06-17,155,pm10,18.814,µg/m³,1
2025-06-18,155,pm10,21.449,µg/m³,1
2025-06-19,155,pm10,19.464,µg/m³,1
2025-06-20,155,pm10,16.495,µg/m³,1
2025-06-21,155,pm10,19.383,µg/m³,1
2025-06-22,155,pm10,20.384,µg/m³,1
2025-06-23,155,pm10,22.379,µg/m³,1
2025-06-24,155,pm10,22.216,µg/m³,1
2025-06-25,155,pm10,28.776,µg/m³,1
2025-06-26,155,pm10,21.999,µg/m³,1
2025-06-27,155,pm10,13.265,µg/m³,1
2025-06-28,155,pm10,13.905,µg/m³,1
2025-06-29,155,pm10,18.534,µg/m³,1
2025-06-30,155,pm10,18.842,µg/m³,1
2025-07-01,155,pm10,26.968,µg/m³,1
2025-07-02,155,pm10,30.166,µg/m³,1
2025-07-03,155,pm10,29.156,µg/m³,1
2025-07-04,155,pm10,17.461,µg/m³,1
2025-07-05,155,pm10,28.181,µg/m³,1
2025-07-06,155,pm10,18.246,µg/m³,1
2025-07-07,155,pm10,9.745,µg/m³,1
2025-07-08,155,pm10,9.844,µg/m³,1
2025-07-09,155,pm10,12.696,µg/m³,1
2025-07-10,155,pm10,11.686,µg/m³,1
2025-07-11,155,pm10,12.417,µg/m³,1
2025-07-12,155,pm10,11.361,µg/m³,1
2025-07-13,155,pm10,12.308,µg/m³,1
2025-07-14,155,pm10,14.068,µg/m³,1
2025-07-15,155,pm10,14.322,µg/m³,1
2025-07-16,155,pm10,15.016,µg/m³,1
2025-07-17,155,pm10,11.866,µg/m³,1
2025-07-18,155,pm10,14.005,µg/m³,1
2025-07-19,155,pm10,13.22,µg/m³,1
2025-07-20,155,pm10,15.53,µg/m³,1
2025-07-21,155,pm10,16.225,µg/m³,1
2025-07-22,155,pm10,14.176,µg/m³,1
2025-07-23,155,pm10,22.785,µg/m³,1
2025-07-24,155,pm10,18.237,µg/m³,1
2025-07-25,155,pm10,17.632,µg/m³,1
2025-07-26,155,pm10,9.195,µg/m³,1
2025-07-27,155,pm10,8.699,µg/m³,1
2025-07-28,155,pm10,11.489,µg/m³,1
2025-07-29,155,pm10,10.711,µg/m³,1
2025-07-30,155,pm10,14.564,µg/m³,1
2025-07-31,155,pm10,19.338,µg/m³,1
2025-08-01,155,pm10,11.541,µg/m³,1
2025-08-02,155,pm10,9.601,µg/m³,1
2025-08-03,155,pm10,10.458,µg/m³,1
2025-08-04,155,pm10,7.309,µg/m³,1
2025-08-05,155,pm10,8.681,µg/m³,1
2025-08-06,155,pm10,14.519,µg/m³,1
2025-08-07,155,pm10,17.073,µg/m³,1
2025-08-08,155,pm10,18.661,µg/m³,1
2025-08-09,155,pm10,31.916,µg/m³,1
2025-08-10,155,pm10,26.394,µg/m³,1
2025-08-11,155,pm10,23.353,µg/m³,1
2025-08-12,155,pm10,25.049,µg/m³,1
2025-08-13,155,pm10,28.395,µg/m³,1
2025-08-14,155,pm10,26.124,µg/m³,1
2025-08-15,155,pm10,24.138,µg/m³,1
2025-08-16,155,pm10,21.034,µg/m³,1
2025-08-17,155,pm10,15.303,µg/m³,1
2025-08-18,155,pm10,17.271,µg/m³,1
2025-08-19,155,pm10,21.16,µg/m³,1
2025-08-20,155,pm10,14.393,µg/m³,1
2025-08-21,155,pm10,15.584,µg/m³,1
2025-08-22,155,pm10,16.955,µg/m³,1
2025-08-23,155,pm10,11.514,µg/m³,1
2025-08-24,155,pm10,11.172,µg/m³,1
2025-08-25,155,pm10,17.127,µg/m³,1
2025-08-26,155,pm10,16.207,µg/m³,1
2025-08-27,155,pm10,18.787,µg/m³,1
2025-08-28,155,pm10,26.99,µg/m³,1
2025-08-29,155,pm10,18.841,µg/m³,1
2025-08-30,155,pm10,7.86,µg/m³,1
2025-08-31,155,pm10,9.863,µg/m³,1
2025-09-01,155,pm10,10.549,µg/m³,1
2025-09-02,155,pm10,13.544,µg/m³,1
2025-09-03,155,pm10,18.057,µg/m³,1
2025-09-04,155,pm10,21.684,µg/m³,1
2025-09-05,155,pm10,15.954,µg/m³,1
2025-09-06,155,pm10,11.622,µg/m³,1
2025-09-07,155,pm10,14.511,µg/m³,1
2025-09-08,155,pm10,24.805,µg/m³,1
2025-09-09,155,pm10,19.125,µg/m³,1
2025-09-10,155,pm10,15.998,µg/m³,1
2025-09-11,155,pm10,14.889,µg/m³,1
2025-09-12,155,pm10,18.58,µg/m³,1
2025-09-13,155,pm10,20.538,µg/m³,1
2025-09-14,155,pm10,9.736,µg/m³,1
2025-09-15,155,pm10,17.235,µg/m³,1
2025-09-16,155,pm10,13.418,µg/m³,1
2025-09-17,155,pm10,17.335,µg/m³,1
2025-09-18,155,pm10,19.726,µg/m³,1
2025-09-19,155,pm10,19.139,µg/m³,1
2025-09-20,155,pm10,19.78,µg/m³,1
2025-09-21,155,pm10,14.654,µg/m³,1
2025-09-22,155,pm10,23.669,µg/m³,1
2025-09-23,155,pm10,14.896,µg/m³,1
2025-09-24,155,pm10,10.657,µg/m³,1
2025-09-25,155,pm10,16.748,µg/m³,1
2025-09-26,155,pm10,26.666,µg/m³,1
2025-09-27,155,pm10,20.826,µg/m³,1
2025-09-28,155,pm10,20.989,µg/m³,1
2025-09-29,155,pm10,14.573,µg/m³,1
2025-09-30,155,pm10,11.722,µg/m³,1
2025-10-01,155,pm10,10.81,µg/m³,1
2025-10-02,155,pm10,15.322,µg/m³,1
2025-10-03,155,pm10,19.5,µg/m³,1
2025-10-04,155,pm10,12.759,µg/m³,1
2025-10-05,155,pm10,10.467,µg/m³,1
2025-10-06,155,pm10,15.421,µg/m³,1
2025-10-07,155,pm10,14.953,µg/m³,1
2025-10-08,155,pm10,21.25,µg/m³,1
2025-10-09,155,pm10,16.91,µg/m³,1
2025-10-10,155,pm10,14.375,µg/m³,1
2025-10-11,155,pm10,23.534,µg/m³,1
2025-10-12,155,pm10,25.69,µg/m³,1
2025-10-13,155,pm10,27.062,µg/m³,1
2025-10-14,155,pm10,29.788,µg/m³,1
2025-10-15,155,pm10,38.883,µg/m³,1
2025-10-16,155,pm10,30.012,µg/m³,1
2025-10-17,155,pm10,34.605,µg/m³,1
2025-10-18,155,pm10,15.25,µg/m³,1
2025-10-19,155,pm10,31.041,µg/m³,1
2025-10-20,155,pm10,44.206,µg/m³,1
2025-10-21,155,pm10,33.336,µg/m³,1
2025-10-22,155,pm10,11.893,µg/m³,1
2025-10-23,155,pm10,7.445,µg/m³,1
2025-10-24,155,pm10,11.848,µg/m³,1
2025-10-25,155,pm10,23.434,µg/m³,1
2025-10-26,155,pm10,5.92,µg/m³,1
2025-10-27,155,pm10,18.11,µg/m³,1
2025-10-28,155,pm10,23.921,µg/m³,1
2025-10-29,155,pm10,20.871,µg/m³,1
2025-10-30,155,pm10,21.44,µg/m³,1
2025-10-31,155,pm10,32.232,µg/m³,1
2025-11-01,155,pm10,10.512,µg/m³,1
2025-11-02,155,pm10,11.271,µg/m³,1
2025-11-03,155,pm10,25.203,µg/m³,1
2025-11-04,155,pm10,40.453,µg/m³,1
2025-11-05,155,pm10,51.162,µg/m³,1
2025-11-06,155,pm10,49.729,µg/m³,1
2025-11-07,155,pm10,40.218,µg/m³,1
2025-11-08,155,pm10,42.482,µg/m³,1
2025-11-09,155,pm10,29.507,µg/m³,1
2025-11-10,155,pm10,24.102,µg/m³,1
2025-11-11,155,pm10,19.527,µg/m³,1
2025-11-12,155,pm10,25.013,µg/m³,1
2025-11-13,155,pm10,43.736,µg/m³,1
2025-11-14,155,pm10,13.724,µg/m³,1
2025-11-15,155,pm10,17.127,µg/m³,1
2025-11-16,155,pm10,34.488,µg/m³,1
2025-11-17,155,pm10,5.071,µg/m³,1
2025-11-18,155,pm10,12.85,µg/m³,1
2025-11-19,155,pm10,24.221,µg/m³,1
2025-11-20,155,pm10,14.907,µg/m³,1
2025-11-21,155,pm10,9.204,µg/m³,1
2025-11-22,155,pm10,6.569,µg/m³,1
2025-11-23,155,pm10,22.361,µg/m³,1
2025-11-24,155,pm10,24.319,µg/m³,1
2025-11-25,155,pm10,16.495,µg/m³,1
2025-11-26,155,pm10,19.428,µg/m³,1
2025-11-27,155,pm10,10.278,µg/m³,1
2025-11-28,155,pm10,35.534,µg/m³,1
2025-11-29,155,pm10,44.099,µg/m³,1
2025-11-30,155,pm10,54.341,µg/m³,1
2025-12-01,155,pm10,76.567,µg/m³,1
2025-12-02,155,pm10,43.778,µg/m³,1
2025-12-03,155,pm10,38.617,µg/m³,1
2025-12-04,155,pm10,20.357,µg/m³,1
2025-12-05,155,pm10,24.463,µg/m³,1
2025-12-06,155,pm10,36.194,µg/m³,1
2025-12-07,155,pm10,58.239,µg/m³,1
2025-12-08,155,pm10,59.944,µg/m³,1
2025-12-09,155,pm10,49.92,µg/m³,1
2025-12-10,155,pm10,92.97,µg/m³,1
2025-12-11,155,pm10,111.577,µg/m³,1
2025-12-12,155,pm10,47.852,µg/m³,1
2025-12-13,155,pm10,25.311,µg/m³,1
2025-12-14,155,pm10,18.201,µg/m³,1
2025-12-15,155,pm10,24.869,µg/m³,1
2025-12-16,155,pm10,39.077,µg/m³,1
2025-12-17,155,pm10,21.467,µg/m³,1
2025-12-18,155,pm10,113.815,µg/m³,1
2025-12-19,155,pm10,48.033,µg/m³,1
2025-12-20,155,pm10,23.182,µg/m³,1
2025-12-21,155,pm10,29.469,µg/m³,1
2025-12-22,155,pm10,30.905,µg/m³,1
2025-12-23,155,pm10,21.764,µg/m³,1
2025-12-24,155,pm10,3.528,µg/m³,1
2025-12-25,155,pm10,7.832,µg/m³,1
2025-12-26,155,pm10,19.834,µg/m³,1
2025-12-27,155,pm10,15.214,µg/m³,1
2025-12-28,155,pm10,21.395,µg/m³,1
2025-12-29,155,pm10,35.986,µg/m³,1
2025-12-30,155,pm10,43.594,µg/m³,1
2025-12-31,155,pm10,40.859,µg/m³,1
